tweet;label
@Dennysiregar7 @datuakrajoangek PDIP majuin aja dulu Puan..gmn respon publik..kalo ga bagus ya ntar last minute pilih yg lumayan menjual.wkwkwkwk;pro
@ChusnulCh__ @Gerindra @NasDem @PDI_Perjuangan @ganjarpranowo Yakin diusung PDIP??????????;pro
Ya udah PDIP segera umumkan, kak puan jadi capres ????;pro
@kurawa Cebong bingung, mo dukung ganjar, lha pdip nya sendiri mo nyalonin tuan putri... ??;kontra
@alisyarief Semoga pdip jagokan ganjar;pro
NasDem Umumkan Anies Baswedan Capres 2024, Ini Respons Politisi PDIP  https://t.co/CKJ0g8Dcey;pro
Jokowi Enggan Komentari NasDem Usung Anies Capres: Masih Suasana Duka   https://t.co/7KtVHx4Iv5  #Berita #News #viral #indonesia #beritahariini #trending #Topic #beritaviral #arsipsumut #adaapahariini #Panglima TNI #Nasdem #Liga 1 #PrayForKanjuruhan #PDIP #PT LIB;pro
Gw rasa klo Anies presidennya, oposisinya kerja bener deh, dan Anies gak bisa semena2 kek rejim skg, gw rasa PDIP cocoknya emang jadi oposisi beneran kontrol di parlemen krn suaranya bnyak. Udah cukup banget lah 10 tahun ini bisa dinilai hasilnya. Tp gw golput lagi ntar 2024.;kontra
@Mdy_Asmara1701 Semoga pdip majukan ganjar;pro
Budaya sendiko dawuh masih melekat di partai pdip di bawah Megawati.  Swa foto GP dibawah video tron merupakan kesediaannya apa bila nanti dijadikan wapres. Kalau pdi memperhitungkan elektabilitas GP ya harus diambil. Hasilnya ya walahu alam;pro
@Dennysiregar7 Wah ini penghinaan mb puan sama pdip...;pro
"@ganjarpranowo @jokowi Pak, foto berjalan tp dishot dari belakang ini kesannya ""meninggalkan"". Meninggalkan apa sih pak?? Pdip??";pro
- METEORBET88 - -  https://t.co/jQigGupgwK -  #meteorbet88 #meteorbet88gilabola #slotgacor #situsgacor #judionline #cuansetinggimeteor #Kanjuruhan #Malang #Paula #BaimWpng #MetroTV #PrayForKanjuruhan #Tendangan #Bisma #Liga1 #BRILiga1 #PDIP #Haaland #Capres #PTLIB #PSSI  #Malang  https://t.co/nrUuGN3Sxh;pro
@Dennysiregar7 Puan terbaik buat pdip;pro
@mahasiswigenz MARI DUKUNG PDIP UNTUK MENCALONKAN PUAN, JANGAN SAMPAI PDIP MENCALONKAN GANJAR YG HOBINYA NONTON FILM PORNO !!!!!;kontra
@MardaniAliSera @NasDem @aniesbaswedan PKS juga harus berani dong, yang penting presidennya tahun 2024 jangan dari PDIP !!;kontra
@maspiyuaja Yg sakit hati milih GP.Padahal GP blm punya partai.Dia mmg anggota PDIP, tapi nggak punya power di PDIP. Pak Trimedya Pandjaitan aja sesama anggota PDIP pernah bertanya kpd pendukung GP di tvone, apa prestasi GP? Pak GP 2 periode loh. Yg bikin orang Jateng paling bangga apa ya?;pro
Seandainya PDIP menolak Ganjar Pranowo, mari Rakyat Indonesia kumpulkan KTP untuk beliau, Petisi Rakyat Menyongsong 2024.;pro
@Syarman59 @NasDem Knp pendukung PDIP,ahox,Jokowi ,Ganjar nynyir politik identitas,karena mereka agamanya minoritas ,makanya takut gak laku??????;kontra
@epanmuze anjing??;kontra
@bobby_risakotta Lah gimna relawan Ganjar gelar konser dan festival di Lampung joget2 pula lagi Udeh jangan mikirin tetangga nge twitt gebrak aje prestasi GP biar PDIP mau ngangkat jadi capres;pro
@Dennysiregar7 Itu urusan PDIP terserah mereka;pro
@Dennysiregar7 Suka2 PDIP lah...????????????????????;kontra
@Syarman59 @yusuf_dumdum @NasDem @DPPNasDem Kalo gak pilih Anies, Nasdem akan jadi Penonton krn gak ada Partai yg mau Koalisi ..  Ini saja masih nunggu Demokarat dan PKS .. Beda dgn KIB, Gerindra dan PDIP yg sdh Aman menentukan Capres.;pro
Loyalis Ganjar tegak lurus dukung Ganjar dan desak PDIP calonkan Ganjar Pranowo sebagai calon Presiden RI 2024- 2029 @ganjarpranowo  https://t.co/5hiDExFDBh;pro
Ratusan Jiwa Jadi Korban Tragedi Kanjuruhan, Fraksi PDIP: Ini Lembaran Hitam Olahraga Nasional  https://t.co/f6HJX6ZTER;pro
@Dennysiregar7 Kalu bkn Pak Ganjar maaf PDIP kmi gk akan milih...??;pro
@ganjarpranowo @RizkiR4madani @PDI_Perjuangan Siap coblos PDIP kalauuuu pak Ganjar yg maju....;kontra
@epanmuze males kata rehan;kontra
@angkawan @datuakrajoangek PKB udah sama gerindra...partai yg nganggur belum ada temen, PKS, demokrat dan yg pasti PDIP yg bisa nyapresin sendiri tanpa koalisi karena PT nya lolos.;kontra
@keuangannews_id PDIP = PKI, PKI = PDIP....Itukah Mungkin Kira2...???;kontra
@ChrisJ_2211 Tp saya msh ragu PKS mau koalisi dg Nasdem. Kl tjd dmkn, Anies blm dpt kend.parpol yg memenuhi PT 20%. PKS spt kata slh 1 kadernya di DPR sdh bosan jd oposisi. Dg dmkn, akn cr mitra koalisi yg pny potensi menang lbh bsr. Bs ke Gerindra/ KIB. KIB akn mrapat ke PDIP jk calonnya GP.;pro
@Exis78 @MARQUEZ__93 Yg dari PDIP mah oga saya;kontra
@_ekokuntadhi Kalo PDIP nggak nyapresin GP, fix 2024 gua GOLPUT..;kontra
@kooliac pina merah merah masuk pdip perjuangan ya;pro
Sosok Kordias Pasaribu Diisukan Maju ke DPR RI di Pileg 2024 Mendatang, Ini Kata Zukri Ketua PDIP Provinsi Riau  https://t.co/2PXRkdwGVR;pro
@ganjarpranowo @PDI_Perjuangan Kalo semua jdi pemenang kan ga ada yg jdi pecundang pak? hehehehe  Btw, utk 2024, PDIP tak skip dulu, bukan cuma PDIP sih, semua partai. Nama2 yg beredar blum ada yg sreg sesuai ambang batas pemimpin menurut ogut pak...;kontra
@DiniHrdianti Nasdem mengandalkan pks pengusung khilafah, kaum pekok 212. Yg hanya ada di dki. Nasdem gak tau kalau diluar itu ganjar pilihanya...ingat ganjar bukan puan atau pdip;kontra
@arifin34533 @NasDem Hmmm... PDIP butuh TV Nasdem butuh jadi Menteri;kontra
@MARQUEZ__93 @PrabuAngkara @PDI_Perjuangan Hahaha Ganjar sudah dilepeh PDIP gegara suka nonton bokep daripada kerja;pro
@M45Broo_ PDIP selalu ganjar;pro
@Milamariamey @jokowi Keren Tinggal pdip lah yg menentukan nya?? ??????????;pro
@Saiybia Banjir PDIP;kontra
@ChusnulCh__ @Gerindra @NasDem @PDI_Perjuangan @ganjarpranowo Nul2..awakmu iki pengurus pdip endi..dadi opo..ngatur2 bu mega?;kontra
@yayansandra12 @bobby_risakotta Yg tenggelam mlh pdip;kontra
@Dennysiregar7 Mau siapapun yg di pilih PDIP kayanya udah gabakal menang di mana mana ??;kontra
@hold_raca @NasDem @Surya_Paloh @pranandapaloh @rockygerungpart @PDI_Perjuangan @puanmaharani_ri @jokowi @ganjarpranowo @Ganjarist_Ind @KemenPU @KemenkeuRI  @iwanfals   Saya pikir : ????Ganjar - Basuki PUPR#2024????  akan lebih kompetitif daripada memaksakan Puan Maharani. Kecuali PDIP sudah bosan jadi pemenang pemilu;pro
PDIP milih Puan = menyiapkan kekalahan wkwkkkkk;kontra
@yusuf_dumdum Kode keras pak Jokowi dukung Ganjar PDIp dukung mba puan Maharani;pro
PDIP dinilai sebagai partai yang berhasil dalam mencetak banyak pemimpin negara. PDIP dianggap produsen pemimpin berkualitas bagi bangsa. Salah satunya Puan Maharani.  https://t.co/VaiKUwnyBB;pro
Masinton mengklaim banyak kemampuan dan kapabilitas Puan yang belum diketahui publik, apalagi sebagai Ketua DPR RI. Sehingga menjadi tugasnya sebagai kader PDIP di DPR untuk lebih intensif mengenalkannya ke publik.  https://t.co/iuGkZejBol;pro
@Metro_TV Rezim jkw pdip kejang2 nih... putar otak unt menjegal.;kontra
@_ekokuntadhi Ko emang yg milih capres mantan capres...setau gw parpol dan gabungan parpol dgn PT 20 %..apakah sekarang udh ada partai yg nyalonin @ganjarpranowo pdip aja blm tentu tempat dia bernaung Lg pula kan ganjar ga kenal anda...orang ga dikenal bisa ya jd ketua ganjarist..heran;kontra
Udah puan Ama Ganjar aja PDIP.;pro
Kalau mendadak @PDI_Perjuangan mencalonkan @ganjarpranowo, @NasDem bakalan sedih. Bisa jadi ini strategi Ketua Umum PDIP buat melepas Nasdem dari gerbong mereka.  Setuju = RT Ragu-ragu = Like  https://t.co/Mrfdip0HjU;pro
Anies Jadi Capres NasDem, PDIP: Jangan Gunakan Panggung Gubernur DKI  https://t.co/WAw2v2VcBs;kontra
@wantahgdn__ Hahahahaha...kpn diusung?? Yakin PDIP mau ngusung Ganjar...hahahahaha ...PDIP klo ga ngusung puan ya Prabowo bro...hihihihihihi..perihhhhhh;kontra
@MARQUEZ__93 Gw DUKUNG PDIP DITENGGELAMKAN 2024;kontra
Puan Maharani cocok diusung PDIP jadi calon presiden 2024, ini sosok ideal pendampingnya.  https://t.co/1eo90CEQ0C;pro
Dua video Puan Maharani “turba” atau turun ke bawah menemui “wong cilik” di Bekasi dan Bali mendapat banyak cibiran. #ThePhraseID #PDIP #Politik #KampanyePolitik   https://t.co/5a2rsypWBI;pro
Ketua DPP PDIP Puan Maharani menyatakan partainya siap memiliki capres sendiri dalam gelaran Pilpres 2024.  https://t.co/hDV9eaIZ35;pro
@Dennysiregar7 Anggota  PDIP… bukan apa sbg Ketua partai  juga sangat bukan… tapi mau ngatur partai orang utk lolosin jagoanmu?… ???? goblog jgn dipelihara ..??????;kontra
"@ChrisJ_2211 Politik itu kan dinamis mas, jadi masih memungkinkan.  Mungkin PDIP akan melanjutkan ""kesepakatan"" dgn Gerindra dlm pertemuan di batu tulis bogor dulu.";pro
@Milamariamey @jokowi Tinggal PDIP yg tentukan;pro
Kata pengamat, ini tandem ideal Puan Maharani untuk diusung PDIP maju menjadi calon presiden di pemilu 2024.  https://t.co/r2HbaFX6Sx;pro
@puanmaharani_ri @gibran_tweet Mbak Puan sekarang betul h3bat,rajin menemui wong cilik. Semoga pd pemilu 2024 nanti PDIP mengusung Ganjar Pranowo maju sbg capres RI.;pro
@M45Broo_ 29% tp tetep di PDIP? hahahahahahah;kontra
Puan Maharani sebut PDIP sudah punya nama bakal calon presiden di pemilu 2024 mendatang.  https://t.co/7mAYCchxAh;pro
@Dennysiregar7 @datuakrajoangek Nasdem dan SP ngusung AB sebagai Capres, kemudian kolo jadi beneran koalisi dengan PKS yang dapat keuntungan ya PKS, pendukung AB dan PKS pasti pilih AB. Sudah total ngusung, Nasdem bisa jadi ditinggal pemilihnya, pemilihnya lebih pilih Capres yang diusung PDIP dan Jokowi.;kontra
@detikcom Pada akhirnya pak ganjar yg diusung pdip...;pro
@Dennysiregar7 Rakyat udh enek dan muak dgn partai pdip..;kontra